Model Name,Ground Truth(GT),True Positive(TP),False Positive(FP),False Negative(FN),Average Precision,Average Recall,Average Time
ssd_inception_v2_coco_2018_01_28,782,14,153,768,0.05,0.012736726874657909,390.61770033836365
faster_rcnn_inception_v2_coco_2018_01_28,782,217,613,565,0.3311821798890763,0.32391351943076063,444.78008127212524
mask_rcnn_inception_v2_coco_2018_01_28,782,420,369,362,0.6086543628785012,0.58528188286809,480.4858543872833
